Access Level,User ID,Name,Hash
1,0001235456,Константин,7ce4c4add4b4e8403ff2a62f9d3c990095d28dffa23bb5bfa85c069852209499
1,0004547876,Ольга,22b55cc2e5e7918be5cb97854c71f83e107ad14bcbe845eec5821226acee92c8
1,0000123546,Надежда,45a7d2e665fba4f38af8d134f4424df099aeadb292f271e35b41a30ed1c35e5a
2,0004546578,Дмитрий,6eb9be38293c5185a4190ae58c4ad625bd4ddac739a90a8f8fa107ba74438b4b
2,0005879855,Иван,067ff2d648ed9670b97e792fa11f784fb931c07dc7c627471b6a5c832328f4f1
3,0005546554,Сергей,981abac0af5e6566b3376b2ea469c77efc9bfd611d443adb292d3033ba8441d8
3,0007789854,Валерий,6c713618dfc267f5a270eefc7994012a073c1c1e6cb31c0df07ba11a7ff8eece
7,0000000010,Иван,945357c82ee2147c2add2baa0fe0268336f2e808298e8c64ce06feb899c1bbf6
8,0004657555,Александр,46669ce019bab3e1420101e3cabecafdfd6c6ca3ce26f752fd051c6a79006c7e
